No,キー,組織,学校,都道府県,市区町村,校種
1,1st-jh-higashine.edumap.jp,2:東根市教育委員会,15:東根市立第一中学校,06:山形県,062111:東根市,中学校
2,2nd-jh-higashine.edumap.jp,2:東根市教育委員会,16:東根市立第二中学校,06:山形県,062111:東根市,中学校
3,3rd-jh-higashine.edumap.jp,2:東根市教育委員会,17:東根市立第三中学校,06:山形県,062111:東根市,中学校
4,ootomi-jh-higashine.edumap.jp,2:東根市教育委員会,18:東根市立大富中学校,06:山形県,062111:東根市,中学校
5,jinmachi-jh-higashine.edumap.jp,2:東根市教育委員会,19:東根市立神町中学校,06:山形県,062111:東根市,中学校
6,keyaki-higashine.edumap.jp,2:東根市教育委員会,5:東根市立東根小学校,06:山形県,062111:東根市,小学校
7,tougo-higashine.edumap.jp,2:東根市教育委員会,6:東根市立東郷小学校,06:山形県,062111:東根市,小学校
8,takasaki-higashine.edumap.jp,2:東根市教育委員会,7:東根市立高崎小学校,06:山形県,062111:東根市,小学校
9,jinmachi-higashine.edumap.jp,2:東根市教育委員会,8:東根市立神町小学校,06:山形県,062111:東根市,小学校
10,ootomi-higashine.edumap.jp,2:東根市教育委員会,10:東根市立大富小学校,06:山形県,062111:東根市,小学校
11,odashima-higashine.edumap.jp,2:東根市教育委員会,11:東根市立小田島小学校,06:山形県,062111:東根市,小学校
12,nagatoro-higashine.edumap.jp,2:東根市教育委員会,12:東根市立長瀞小学校,06:山形県,062111:東根市,小学校
13,chubu-higashine.edumap.jp,2:東根市教育委員会,13:東根市立東根中部小学校,06:山形県,062111:東根市,小学校
14,ohmori-higashine.edumap.jp,2:東根市教育委員会,14:東根市立大森小学校,06:山形県,062111:東根市,小学校
15,shibahinotsume.edumap.jp,4:川口市立芝樋ノ爪小学校,21:川口市立芝樋ノ爪小学校,11:埼玉県,112038:川口市,小学校
16,fermata-tsurumine-nursery-school.edumap.jp,5:社会福祉法人愛和,308:鶴嶺フェルマータ保育園,14:神奈川県,142077:茅ヶ崎市,保育園
17,fermata-tsumada-s-nursery.edumap.jp,5:社会福祉法人愛和,20:妻田フェルマータ小規模保育園,14:神奈川県,142123:厚木市,保育園
18,fermata-sekiguchi-s-nursery.edumap.jp,5:社会福祉法人愛和,44:関口フェルマータ小規模保育園,14:神奈川県,142123:厚木市,保育園
19,kujira-tekurada-hoikuen-natori-m.edumap.jp,6:社会福祉法人くじら,117:手倉田くじら保育園,04:宮城県,042072:名取市,保育園
20,kujira-baobabu-hoikuen-osaki-mg.edumap.jp,6:社会福祉法人くじら,116:バオバブ保育園,04:宮城県,042153:大崎市,保育園
21,kujira-omusubi-kodomoen-niigata.edumap.jp,6:社会福祉法人くじら,95:おむすびこども園,15:新潟県,151025:新潟市東区,認定こども園
22,kujira-suika-hoikuen-niigata.edumap.jp,6:社会福祉法人くじら,93:すいか保育園,15:新潟県,151076:新潟市西区,保育園
23,kujira-suika-s-hoikuen-niigata.edumap.jp,6:社会福祉法人くじら,94:すいか小規模保育園,15:新潟県,151076:新潟市西区,保育園
24,kujira-ishiyama-hoikuen-otsu-sg.edumap.jp,6:社会福祉法人くじら,106:石山くじら保育園,25:滋賀県,252018:大津市,保育園
25,kujira-ishiyama-s-hoikuen-ots-sg.edumap.jp,6:社会福祉法人くじら,107:石山くじら小規模保育園,25:滋賀県,252018:大津市,保育園
26,kujira-katata-hoikuen-otsu-sg.edumap.jp,6:社会福祉法人くじら,108:堅田くじら保育園,25:滋賀県,252018:大津市,保育園
27,kujira-karahashi-s-hoikuen-ots.edumap.jp,6:社会福祉法人くじら,110:唐橋くじら小規模保育園,25:滋賀県,252018:大津市,保育園
28,kujira-biwako-hoikuen-kusatsu-sg.edumap.jp,6:社会福祉法人くじら,111:琵琶湖くじら保育園,25:滋賀県,252069:草津市,保育園
29,kujira-kusatsu-hoikuen-kusats-sg.edumap.jp,6:社会福祉法人くじら,112:くじら小規模保育園(草津),25:滋賀県,252069:草津市,保育園
30,kujira-kusatsu-cho-hoikuen-kusatsu-sg.edumap.jp,6:社会福祉法人くじら,323:(仮称)草津くじら保育園,25:滋賀県,252069:草津市,保育園
31,kujira-oiwake-minami-hoikuen-kusatsu-sg.edumap.jp,6:社会福祉法人くじら,324:(仮称)追分南くじら保育園,25:滋賀県,252069:草津市,保育園
32,kujira-jidoclub-kusatsu-shiga.edumap.jp,6:社会福祉法人くじら,121:児童育成クラブくじら(草津),25:滋賀県,252069:草津市,小学校
33,kujira-haruta-gakudou-ritto-sg.edumap.jp,6:社会福祉法人くじら,91:治田くじら学童保育所,25:滋賀県,252085:栗東市,保育園
34,kujira-haruta-e-gakudo-ritto-sg.edumap.jp,6:社会福祉法人くじら,92:治田東くじら学童保育所,25:滋賀県,252085:栗東市,保育園
35,kujira-ritto-hoikuen-ritto-shiga.edumap.jp,6:社会福祉法人くじら,113:栗東くじら保育園,25:滋賀県,252085:栗東市,保育園
36,kujira-ritto-s-hoikuen-ritto-sg.edumap.jp,6:社会福祉法人くじら,114:栗東くじら小規模保育園,25:滋賀県,252085:栗東市,保育園
37,kujira-haruta-s-hoikuen-ritto-sg.edumap.jp,6:社会福祉法人くじら,115:治田くじら小規模保育園,25:滋賀県,252085:栗東市,保育園
38,kujira-mikumo-hoikuen-konan-sg.edumap.jp,6:社会福祉法人くじら,88:三雲くじら保育園,25:滋賀県,252115:湖南市,保育園
39,kujira-bodaiji-kodomoen-konan-sg.edumap.jp,6:社会福祉法人くじら,89:菩提寺くじらこども園,25:滋賀県,252115:湖南市,認定こども園
40,kujira-senriyama-hoikuen-suita.edumap.jp,6:社会福祉法人くじら,105:千里山くじら保育園,27:大阪府,272051:吹田市,保育園
41,kujira-uenomaru-hoikuen-akashi-hyogo.edumap.jp,6:社会福祉法人くじら,316:（仮称）上ノ丸くじら保育園,28:兵庫県,282031:明石市,保育園
42,kujira-umenoki-hoikuen-itami-hg.edumap.jp,6:社会福祉法人くじら,90:梅ノ木くじら保育園,28:兵庫県,282073:伊丹市,保育園
43,kujira-itam-hoikuen-itami-hyogo.edumap.jp,6:社会福祉法人くじら,103:伊丹くじら保育園,28:兵庫県,282073:伊丹市,保育園
44,kujira-itam-s-hoikuen-itami-hyg.edumap.jp,6:社会福祉法人くじら,104:伊丹くじら小規模保育園,28:兵庫県,282073:伊丹市,保育園
45,kujira-koushi-hatsukaichi-hirosm.edumap.jp,6:社会福祉法人くじら,86:廿日市保育園 (公私連携型保育所),34:広島県,342131:廿日市市,保育園
46,kujira-hatsukaichi-hoikuen-hirsm.edumap.jp,6:社会福祉法人くじら,102:廿日市くじら保育園,34:広島県,342131:廿日市市,保育園
47,kujira-torinoki-hoikuen-iyo-ehm.edumap.jp,6:社会福祉法人くじら,87:とりのきくじら保育園,38:愛媛県,382108:伊予市,保育園
48,kujira-penguin-s-hoikuen-iyo-ehm.edumap.jp,6:社会福祉法人くじら,98:伊予ぺんぎん小規模保育園,38:愛媛県,382108:伊予市,保育園
49,kujira-manbou-s-hoikuen-iyo-ehm.edumap.jp,6:社会福祉法人くじら,99:まんぼう小規模保育園,38:愛媛県,382108:伊予市,保育園
50,kujira-dayservice-iyo-ehm.edumap.jp,6:社会福祉法人くじら,100:放課後等デイサービスくじら,38:愛媛県,382108:伊予市,小中一貫校・義務教育学校
51,kujira-iyo-jido-club-iyo-ehime.edumap.jp,6:社会福祉法人くじら,122:伊予くじら児童クラブ,38:愛媛県,382108:伊予市,小学校
52,kujira-iyo-group-home-iyo-ehm.edumap.jp,6:社会福祉法人くじら,313:グループホーム伊予くじら,38:愛媛県,382108:伊予市,特別支援学校
53,kujira-iyo-jido-hattatsu-shien-center.edumap.jp,6:社会福祉法人くじら,314:児童発達支援センター伊予くじら,38:愛媛県,382108:伊予市,特別支援学校
54,kujira-iyo-kodomoen-iyo-ehm.edumap.jp,6:社会福祉法人くじら,97:伊予くじら認定こども園,38:愛媛県,382108:伊予市,認定こども園
55,kujira-jido-shinri-chiryo-fuku.edumap.jp,6:社会福祉法人くじら,123:福岡市立児童心理治療施設,40:福岡県,401331:福岡市中央区,特別支援学校
56,kujira-kodomoen-omura-nagasaki.edumap.jp,6:社会福祉法人くじら,63:くじら認定こども園,42:長崎県,422053:大村市,認定こども園
57,honcho-e-kawaguchi.edumap.jp,7:埼玉県川口市立本町小学校,29:埼玉県川口市立本町小学校,11:埼玉県,112038:川口市,小学校
58,takanosu-e.edumap.jp,8:砺波市立鷹栖小学校,27:砺波市立鷹栖小学校,16:富山県,162086:砺波市,小学校
59,kita.edumap.jp,9:伊東市教育委員会,33:伊東市立北中学校,22:静岡県,222089:伊東市,中学校
60,minami-jh.edumap.jp,9:伊東市教育委員会,34:伊東市立南中学校,22:静岡県,222089:伊東市,中学校
61,usami-jh.edumap.jp,9:伊東市教育委員会,49:伊東市立宇佐美中学校,22:静岡県,222089:伊東市,中学校
62,tajima.edumap.jp,9:伊東市教育委員会,50:伊東市立対島中学校,22:静岡県,222089:伊東市,中学校
63,kadono.edumap.jp,9:伊東市教育委員会,51:伊東市立門野中学校,22:静岡県,222089:伊東市,中学校
64,futo.edumap.jp,9:伊東市教育委員会,22:伊東市立富戸小学校,22:静岡県,222089:伊東市,小学校
65,kawana.edumap.jp,9:伊東市教育委員会,24:伊東市立川奈小学校,22:静岡県,222089:伊東市,小学校
66,ike.edumap.jp,9:伊東市教育委員会,25:伊東市立池小学校,22:静岡県,222089:伊東市,小学校
67,yawatano.edumap.jp,9:伊東市教育委員会,26:伊東市立八幡野小学校,22:静岡県,222089:伊東市,小学校
68,higashi.edumap.jp,9:伊東市教育委員会,31:伊東市立東小学校,22:静岡県,222089:伊東市,小学校
69,nishi.edumap.jp,9:伊東市教育委員会,32:伊東市立西小学校,22:静岡県,222089:伊東市,小学校
70,minami.edumap.jp,9:伊東市教育委員会,35:伊東市立南小学校,22:静岡県,222089:伊東市,小学校
71,ooike.edumap.jp,9:伊東市教育委員会,46:伊東市立大池小学校,22:静岡県,222089:伊東市,小学校
72,usami.edumap.jp,9:伊東市教育委員会,47:伊東市立宇佐美小学校,22:静岡県,222089:伊東市,小学校
73,asahi.edumap.jp,9:伊東市教育委員会,48:伊東市立旭小学校,22:静岡県,222089:伊東市,小学校
74,serita-tobu.edumap.jp,10:芹田東部保育園,23:芹田東部保育園,20:長野県,202011:長野市,保育園
75,maesawa-jhs-oshu-iwate.edumap.jp,12:奥州市立前沢中学校,45:奥州市立前沢中学校,03:岩手県,032158:奥州市,中学校
76,todukasyou1.edumap.jp,13:川口市立戸塚小学校,144:川口市立戸塚小学校,11:埼玉県,112038:川口市,小学校
77,daito-web.edumap.jp,14:福井市大東中学校,30:福井市大東中学校,18:福井県,182010:福井市,中学校
78,kawaguchisiritukitat-saitama.edumap.jp,15:川口市立北中学校,62:川口市立北中学校,11:埼玉県,112038:川口市,中学校
79,asahinishi-e.edumap.jp,16:川口市立朝日西小学校,166:川口市立朝日西小学校,11:埼玉県,112038:川口市,小学校
80,kahoku-jh-kahoku.edumap.jp,18:河北町教育委員会,43:河北中学校,06:山形県,063215:河北町,中学校
81,nishizato-kahoku.edumap.jp,18:河北町教育委員会,37:西里小学校,06:山形県,063215:河北町,小学校
82,mizonobe-kahoku.edumap.jp,18:河北町教育委員会,38:溝延小学校,06:山形県,063215:河北町,小学校
83,yachichubu-kahoku.edumap.jp,18:河北町教育委員会,39:谷地中部小学校,06:山形県,063215:河北町,小学校
84,yachinanbu-kahoku.edumap.jp,18:河北町教育委員会,40:谷地南部小学校,06:山形県,063215:河北町,小学校
85,yachiseibu-kahoku.edumap.jp,18:河北町教育委員会,41:谷地西部小学校,06:山形県,063215:河北町,小学校
86,kitayachi-kahoku.edumap.jp,18:河北町教育委員会,42:北谷地小学校,06:山形県,063215:河北町,小学校
87,sch-kawaguchi-sakuracho.edumap.jp,19:川口市立桜町小学校,52:川口市立桜町小学校,11:埼玉県,112038:川口市,小学校
88,iruka-hoikuen-nagasaki.edumap.jp,20:小規模保育園いるか,36:小規模保育園いるか,42:長崎県,422053:大村市,保育園
89,oyama-j.edumap.jp,21:立山町教育委員会,71:雄山中学校,16:富山県,163236:立山町,中学校
90,tateyamahokubu-e.edumap.jp,21:立山町教育委員会,65:立山北部小学校,16:富山県,163236:立山町,小学校
91,rita-el-school.edumap.jp,21:立山町教育委員会,66:利田小学校,16:富山県,163236:立山町,小学校
92,takano-e.edumap.jp,21:立山町教育委員会,67:高野小学校,16:富山県,163236:立山町,小学校
93,tateyama-chuo-e.edumap.jp,21:立山町教育委員会,68:立山中央小学校,16:富山県,163236:立山町,小学校
94,kamagafuchi-e.edumap.jp,21:立山町教育委員会,69:釜ヶ渕小学校,16:富山県,163236:立山町,小学校
95,tateyama-e.edumap.jp,21:立山町教育委員会,70:立山小学校,16:富山県,163236:立山町,小学校
96,ninomiya-junior-high-school.edumap.jp,22:二宮町教育委員会,58:二宮町立二宮中学校,14:神奈川県,143421:二宮町,中学校
97,ninomiyanishi-junior-high-school.edumap.jp,22:二宮町教育委員会,59:二宮町立二宮西中学校,14:神奈川県,143421:二宮町,中学校
98,ninomiya-elementary-school.edumap.jp,22:二宮町教育委員会,55:二宮町立二宮小学校,14:神奈川県,143421:二宮町,小学校
99,issiki-elementry-school.edumap.jp,22:二宮町教育委員会,56:二宮町立一色小学校,14:神奈川県,143421:二宮町,小学校
100,yamanishi-erementary-school.edumap.jp,22:二宮町教育委員会,57:二宮町立山西小学校,14:神奈川県,143421:二宮町,小学校
101,isshiki-elementary-school.edumap.jp,22:二宮町教育委員会,228:二宮町立一色小学校,14:神奈川県,143421:二宮町,小学校
102,misatojh.edumap.jp,24:美里町立美里中学校,73:美里町立美里中学校,11:埼玉県,113816:美里町,中学校
103,daiichi-j-warabi.edumap.jp,25:蕨市教育委員会,72:蕨市立第一中学校,11:埼玉県,112232:蕨市,中学校
104,higashi-j-warabi.edumap.jp,25:蕨市教育委員会,318:蕨市立東中学校,11:埼玉県,112232:蕨市,中学校
105,tsukagoshi-e-warabi.edumap.jp,25:蕨市教育委員会,75:蕨市立塚越小学校,11:埼玉県,112232:蕨市,小学校
106,chuo-e-warabi.edumap.jp,25:蕨市教育委員会,76:蕨市立中央小学校,11:埼玉県,112232:蕨市,小学校
107,nishi-e-warabi.edumap.jp,25:蕨市教育委員会,85:蕨市立西小学校,11:埼玉県,112232:蕨市,小学校
108,chuohigashi-e-warabi.edumap.jp,25:蕨市教育委員会,119:蕨市立中央東小学校,11:埼玉県,112232:蕨市,小学校
109,higashi-e-warabi.edumap.jp,25:蕨市教育委員会,160:蕨市立東小学校,11:埼玉県,112232:蕨市,小学校
110,minami-e-warabi.edumap.jp,25:蕨市教育委員会,230:蕨市立南小学校,11:埼玉県,112232:蕨市,小学校
111,kawaguchi-municipal-aokikita-ele.edumap.jp,26:川口市立青木北小学校,54:川口市立青木北小学校,11:埼玉県,112038:川口市,小学校
112,niimi-city-niimiminami-elementar.edumap.jp,27:新見市立新見南小学校,82:新見市立新見南小学校,33:岡山県,332101:新見市,小学校
113,furano-nishi-jhs.edumap.jp,28:富良野市立富良野西中学校,64:富良野市立富良野西中学校,01:北海道,012297:富良野市,中学校
114,motogo-elementary-school.edumap.jp,29:川口市立元郷小学校,74:川口市立元郷小学校,11:埼玉県,112038:川口市,小学校
115,nasuchuo-jh.edumap.jp,31:那須町教育委員会,81:那須中央中中学校,09:栃木県,094072:那須町,中学校
116,nasu-jh.edumap.jp,31:那須町教育委員会,138:那須中学校,09:栃木県,094072:那須町,中学校
117,nasukougen.edumap.jp,31:那須町教育委員会,79:那須高原小学校,09:栃木県,094072:那須町,小学校
118,tashiroyuuai.edumap.jp,31:那須町教育委員会,80:田代友愛小学校,09:栃木県,094072:那須町,小学校
119,kurodahara.edumap.jp,31:那須町教育委員会,109:黒田原小学校,09:栃木県,094072:那須町,小学校
120,toyo.edumap.jp,31:那須町教育委員会,139:東陽小学校,09:栃木県,094072:那須町,小学校
121,takaku.edumap.jp,31:那須町教育委員会,142:高久小学校,09:栃木県,094072:那須町,小学校
122,manabinomori.edumap.jp,31:那須町教育委員会,146:学びの森小学校,09:栃木県,094072:那須町,小学校
123,shibaminami.edumap.jp,33:川口市立芝南小学校,131:川口市立芝南小学校,11:埼玉県,112038:川口市,小学校
124,tendo2jh.edumap.jp,34:天童市立第二中学校,96:天童市立第二中学校,06:山形県,062103:天童市,中学校
125,hatogaya.edumap.jp,35:川口市立鳩ヶ谷小学校,101:川口市立鳩ヶ谷小学校,11:埼玉県,112038:川口市,小学校
126,tokorozawa-city-seisin-e-saitama.edumap.jp,37:埼玉県所沢市立清進小学校,132:埼玉県所沢市立清進小学校,11:埼玉県,112089:所沢市,小学校
127,c-niiza.edumap.jp,38:新座市立第三中学校,120:新座市立第三中学校,11:埼玉県,112305:新座市,中学校
128,www-sch-todukakita-kawaguchi.edumap.jp,40:川口市立戸塚北小学校,126:川口市立戸塚北小学校,11:埼玉県,112038:川口市,小学校
129,ibukiyama-j-maibara.edumap.jp,41:米原市教育委員会,124:米原市立伊吹山中学校,25:滋賀県,252140:米原市,中学校
130,kashiwabara-j-maibara.edumap.jp,41:米原市教育委員会,125:米原市立柏原中学校,25:滋賀県,252140:米原市,中学校
131,souyou-j-maibara.edumap.jp,41:米原市教育委員会,129:米原市立双葉中学校,25:滋賀県,252140:米原市,中学校
132,kanan-j-maibara.edumap.jp,41:米原市教育委員会,147:米原市立河南中学校,25:滋賀県,252140:米原市,中学校
133,daito-j-maibara.edumap.jp,41:米原市教育委員会,238:米原市立大東中学校,25:滋賀県,252140:米原市,中学校
134,maibara-j-maibara.edumap.jp,41:米原市教育委員会,322:米原市立米原中学校,25:滋賀県,252140:米原市,中学校
135,kashiwabara-e-maibara.edumap.jp,41:米原市教育委員会,127:米原市立柏原小学校,25:滋賀県,252140:米原市,小学校
136,suijyou-e-maibara.edumap.jp,41:米原市教育委員会,130:米原市立春照小学校,25:滋賀県,252140:米原市,小学校
137,maibara-e-maibara.edumap.jp,41:米原市教育委員会,137:米原市立米原小学校,25:滋賀県,252140:米原市,小学校
138,santo-e-maibara.edumap.jp,41:米原市教育委員会,140:米原市立山東小学校,25:滋賀県,252140:米原市,小学校
139,kanan-e-maibara.edumap.jp,41:米原市教育委員会,258:米原市立河南小学校,25:滋賀県,252140:米原市,小学校
140,ibuki-e-maibara.edumap.jp,41:米原市教育委員会,259:米原市立伊吹小学校,25:滋賀県,252140:米原市,小学校
141,ohara-e-maibara.edumap.jp,41:米原市教育委員会,319:米原市立大原小学校,25:滋賀県,252140:米原市,小学校
142,okinaga-e-maibara.edumap.jp,41:米原市教育委員会,320:米原市立息長小学校,25:滋賀県,252140:米原市,小学校
143,sakata-e-maibara.edumap.jp,41:米原市教育委員会,321:米原市立坂田小学校,25:滋賀県,252140:米原市,小学校
144,togitsu-higashi.edumap.jp,42:時津町立時津東小学校,141:時津町立時津東小学校,42:長崎県,423084:時津町,小学校
145,kitamifuji.edumap.jp,43:北見藤高等学校,134:北見藤高等学校,01:北海道,012084:北見市,高等学校
146,haramachi-kawaguchi.edumap.jp,44:埼玉県川口市立原町小学校,128:川口原町小学校,11:埼玉県,112038:川口市,小学校
147,kisochouritu-fukushimashougakkou.edumap.jp,45:木曽町立福島小学校,143:木曽町立福島小学校,20:長野県,204323:木曽町,小学校
148,kawaguchi-jirin-e.edumap.jp,46:川口市立慈林小学校,133:川口市立慈林小学校,11:埼玉県,112038:川口市,小学校
149,roppongi-high-school.edumap.jp,47:東京都立六本木高等学校,136:東京都立六本木高等学校,13:東京都,131032:港区,高等学校
150,sch-kawaguchi-saitama.edumap.jp,48:川口市立根岸小学校,153:川口市立根岸小学校,11:埼玉県,112038:川口市,小学校
151,shikige-jh.edumap.jp,49:川西町・三宅町式下中学校組合教育委員会,145:式下中学校,29:奈良県,293610:川西町,中学校
152,kouyou-jh-tokorozawa-stm.edumap.jp,51:所沢市立向陽中学校,158:所沢市立向陽中学校,11:埼玉県,112089:所沢市,中学校
153,kawaguchi-shiba-jh.edumap.jp,52:川口市立芝中学校,149:川口市立芝中学校,11:埼玉県,112038:川口市,中学校
154,kita-e-warabi.edumap.jp,54:蕨市立北小学校,155:蕨市立北小学校,11:埼玉県,112232:蕨市,小学校
155,tokorozawa-city-kitano-e-saitama.edumap.jp,55:所沢市立北野小学校,163:所沢市立北野小学校,11:埼玉県,112089:所沢市,小学校
156,hakodatekita.edumap.jp,56:函館市立北中学校,157:函館市立北中学校,01:北海道,012025:函館市,中学校
157,tozukahigashi-e-kawaguchi.edumap.jp,58:川口市立戸塚東小学校,156:川口市立戸塚東小学校,11:埼玉県,112038:川口市,小学校
158,atami-dai1.edumap.jp,59:熱海市立第一小学校,159:熱海市立第一小学校,22:静岡県,222054:熱海市,小学校
159,mito-jh.edumap.jp,61:益田市立美都中学校,161:益田市立美都中学校,32:島根県,322041:益田市,中学校
160,tutu-elementary-school.edumap.jp,62:対馬市立豆酘小学校,162:対馬市立豆酘小学校,42:長崎県,422096:対馬市,小学校
161,sachinami09.edumap.jp,63:川口市立幸並中学校,270:川口市立幸並中学校,11:埼玉県,112038:川口市,中学校
162,togitsu-elementa-nagasaki.edumap.jp,64:時津町立時津小学校,164:時津町立時津小学校,42:長崎県,423084:時津町,小学校
163,sch-kawaguchi-singominami.edumap.jp,66:川口市立新郷南小学校,165:川口市立新郷南小学校,11:埼玉県,112038:川口市,小学校
164,kitatama-e.edumap.jp,68:北谷町教育委員会,315:北谷町立　北玉小学校,47:沖縄県,473260:北谷町,小学校
165,konosu-j-konosu.edumap.jp,69:鴻巣市教育委員会,186:鴻巣市立鴻巣中学校,11:埼玉県,112178:鴻巣市,中学校
166,kokita-j-konosu.edumap.jp,69:鴻巣市教育委員会,187:鴻巣市立鴻巣北中学校,11:埼玉県,112178:鴻巣市,中学校
167,konishi-j-konosu.edumap.jp,69:鴻巣市教育委員会,188:鴻巣市立鴻巣西中学校,11:埼玉県,112178:鴻巣市,中学校
168,kominami-j-konosu.edumap.jp,69:鴻巣市教育委員会,189:鴻巣市立鴻巣南中学校,11:埼玉県,112178:鴻巣市,中学校
169,akamidai-j-konosu.edumap.jp,69:鴻巣市教育委員会,190:鴻巣市立赤見台中学校,11:埼玉県,112178:鴻巣市,中学校
170,fukiage-j-konosu.edumap.jp,69:鴻巣市教育委員会,191:鴻巣市立吹上中学校,11:埼玉県,112178:鴻巣市,中学校
171,fukiagekita-j-konosu.edumap.jp,69:鴻巣市教育委員会,192:鴻巣市立吹上北中学校,11:埼玉県,112178:鴻巣市,中学校
172,kawasato-j-konosu.edumap.jp,69:鴻巣市教育委員会,193:鴻巣市立川里中学校,11:埼玉県,112178:鴻巣市,中学校
173,matubara-e-konosu.edumap.jp,69:鴻巣市教育委員会,167:鴻巣市立松原小学校,11:埼玉県,112178:鴻巣市,小学校
174,aka1-e-konosu.edumap.jp,69:鴻巣市教育委員会,168:鴻巣市立赤見台第一小学校,11:埼玉県,112178:鴻巣市,小学校
175,aka2-e-konosu.edumap.jp,69:鴻巣市教育委員会,169:鴻巣市立赤見台第二小学校,11:埼玉県,112178:鴻巣市,小学校
176,kochuo-e-konosu.edumap.jp,69:鴻巣市教育委員会,170:鴻巣市立鴻巣中央小学校,11:埼玉県,112178:鴻巣市,小学校
177,kyowa-e-konosu.edumap.jp,69:鴻巣市教育委員会,171:鴻巣市立共和小学校,11:埼玉県,112178:鴻巣市,小学校
178,kohigashi-e-konosu.edumap.jp,69:鴻巣市教育委員会,172:鴻巣市立鴻巣東小学校,11:埼玉県,112178:鴻巣市,小学校
179,kominami-e-konosu.edumap.jp,69:鴻巣市教育委員会,173:鴻巣市立鴻巣南小学校,11:埼玉県,112178:鴻巣市,小学校
180,mamuro-e-konosu.edumap.jp,69:鴻巣市教育委員会,174:鴻巣市立馬室小学校,11:埼玉県,112178:鴻巣市,小学校
181,tamamiya-e-konosu.edumap.jp,69:鴻巣市教育委員会,175:鴻巣市立田間宮小学校,11:埼玉県,112178:鴻巣市,小学校
182,mida-e-konosu.edumap.jp,69:鴻巣市教育委員会,176:鴻巣市立箕田小学校,11:埼玉県,112178:鴻巣市,小学校
183,kasahara-e-konosu.edumap.jp,69:鴻巣市教育委員会,177:鴻巣市立笠原小学校,11:埼玉県,112178:鴻巣市,小学校
184,jyoko-e-konosu.edumap.jp,69:鴻巣市教育委員会,178:鴻巣市立常光小学校,11:埼玉県,112178:鴻巣市,小学校
185,kokita-e-konosu.edumap.jp,69:鴻巣市教育委員会,179:鴻巣市立鴻巣北小学校,11:埼玉県,112178:鴻巣市,小学校
186,fukiage-e-konosu.edumap.jp,69:鴻巣市教育委員会,180:鴻巣市立吹上小学校,11:埼玉県,112178:鴻巣市,小学校
187,koya-e-konosu.edumap.jp,69:鴻巣市教育委員会,181:鴻巣市立小谷小学校,11:埼玉県,112178:鴻巣市,小学校
188,shimooshi-e-konosu.edumap.jp,69:鴻巣市教育委員会,182:鴻巣市立下忍小学校,11:埼玉県,112178:鴻巣市,小学校
189,oashi-e-konosu.edumap.jp,69:鴻巣市教育委員会,183:鴻巣市立大芦小学校,11:埼玉県,112178:鴻巣市,小学校
190,kusu-e-konosu.edumap.jp,69:鴻巣市教育委員会,184:鴻巣市立屈巣小学校,11:埼玉県,112178:鴻巣市,小学校
191,hiroda-e-konosu.edumap.jp,69:鴻巣市教育委員会,185:鴻巣市立広田小学校,11:埼玉県,112178:鴻巣市,小学校
192,higashiryoke-e-kawaguchi-saitama.edumap.jp,70:川口市立東領家小学校,194:川口市立東領家小学校,11:埼玉県,112038:川口市,小学校
193,tozukaayase-e-kawaguchi-saitama.edumap.jp,71:川口市立戸塚綾瀬小学校,195:川口市立戸塚綾瀬小学校,11:埼玉県,112038:川口市,小学校
194,kamiaokiminami-e-kawaguchi-saitama.edumap.jp,72:川口市立上青木南小学校,196:川口市立上青木南小学校,11:埼玉県,112038:川口市,小学校
195,ryoke-e-kawaguchi-saitama.edumap.jp,73:川口市立領家小学校,197:川口市立領家小学校,11:埼玉県,112038:川口市,小学校
196,tozukaminami-e-kawaguchi-saitama.edumap.jp,74:川口市立戸塚南小学校,198:川口市立戸塚南小学校,11:埼玉県,112038:川口市,小学校
197,kamiaoki-e-kawaguchi-saitama.edumap.jp,75:川口市立上青木小学校,199:川口市立上青木小学校,11:埼玉県,112038:川口市,小学校
198,zaike-j-kawaguchi-saitama.edumap.jp,76:川口市立在家中学校,200:川口市立在家中学校,11:埼玉県,112038:川口市,中学校
199,yanagisaki-e-kawaguchi-saitama.edumap.jp,77:川口市立柳崎小学校,201:川口市立柳崎小学校,11:埼玉県,112038:川口市,小学校
200,maekawahigashi-e-kawaguchi-saitama.edumap.jp,78:川口市立前川東小学校,202:川口市立前川東小学校,11:埼玉県,112038:川口市,小学校
201,nanpei-k-kawaguchi-saitama.edumap.jp,79:川口市立南平幼稚園,203:川口市立南平幼稚園,11:埼玉県,112038:川口市,幼稚園
202,kamine-j-kawaguchi-saitama.edumap.jp,80:川口市立神根中学校,204:川口市立神根中学校,11:埼玉県,112038:川口市,中学校
203,haimatu-j-kawaguchi-saitama.edumap.jp,81:川口市立榛松中学校,205:川口市立榛松中学校,11:埼玉県,112038:川口市,中学校
204,tozuka-j-kawaguchi-saitama.edumap.jp,82:川口市立戸塚中学校,206:川口市立戸塚中学校,11:埼玉県,112038:川口市,中学校
205,aoki-j-kawaguchi-saitama.edumap.jp,83:川口市立青木中学校,207:川口市立青木中学校,11:埼玉県,112038:川口市,中学校
206,shibanishi-j-kawaguchi-saitama.edumap.jp,84:川口市立芝西中学校,208:川口市立芝西中学校,11:埼玉県,112038:川口市,中学校
207,zaike-e-kawaguchi-saitama.edumap.jp,85:川口市立在家小学校,209:川口市立在家小学校,11:埼玉県,112038:川口市,小学校
208,motogo-j-kawaguchi-saitama.edumap.jp,86:川口市立元郷中学校,210:川口市立元郷中学校,11:埼玉県,112038:川口市,中学校
209,tozukanishi-j-kawaguchi-saitama.edumap.jp,87:川口市立戸塚西中学校,211:川口市立戸塚西中学校,11:埼玉県,112038:川口市,中学校
210,shibanishi-yousyun-j-kawaguchi-saitama.edumap.jp,88:川口市立芝西中学校陽春分校,212:川口市立芝西中学校陽春分校,11:埼玉県,112038:川口市,中学校
211,minami-j-kawaguchi-saitama.edumap.jp,89:川口市立南中学校,213:川口市立南中学校,11:埼玉県,112038:川口市,中学校
212,sashima-e-kawaguchi-saitama.edumap.jp,90:川口市立差間小学校,214:川口市立差間小学校,11:埼玉県,112038:川口市,小学校
213,shibafuji-es-kawaguchi-saitama.edumap.jp,91:川口市立芝富士小学校,215:川口市立芝富士小学校,11:埼玉県,112038:川口市,小学校
214,aokichuo-e-kawaguchi-saitama.edumap.jp,92:川口市立青木中央小学校,216:川口市立青木中央小学校,11:埼玉県,112038:川口市,小学校
215,minamihatogaya-e-kawaguchi-saitama.edumap.jp,93:川口市立南鳩ヶ谷小学校,217:川口市立南鳩ヶ谷小学校,11:埼玉県,112038:川口市,小学校
216,hunato-e-kawaguchi-saitama.edumap.jp,94:川口市立舟戸小学校,218:川口市立舟戸小学校,11:埼玉県,112038:川口市,小学校
217,kamiaoki-j-kawaguchi-saitama.edumap.jp,95:川口市立上青木中学校,219:川口市立上青木中学校,11:埼玉県,112038:川口市,中学校
218,funato-k-kawaguchi-saitama.edumap.jp,96:川口市立舟戸幼稚園,220:川口市立舟戸幼稚園,11:埼玉県,112038:川口市,幼稚園
219,kawaguchicity-jh.edumap.jp,97:川口市立高等学校附属中学校,221:川口市立高等学校附属中学校,11:埼玉県,112038:川口市,中学校
220,kawaguchicity-hs.edumap.jp,97:川口市立高等学校附属中学校,310:川口市立高等学校,11:埼玉県,112038:川口市,高等学校
221,nakatomi-eh-tokorozawa.edumap.jp,98:所沢市立中富小学校,222:所沢市立中富小学校,11:埼玉県,112089:所沢市,小学校
222,mikajima-jh-tokorozawa.edumap.jp,99:所沢市立三ヶ島中学校,223:所沢市立三ヶ島中学校,11:埼玉県,112089:所沢市,中学校
223,nakatyou.edumap.jp,101:川口市立仲町中学校,227:川口市立仲町中学校,11:埼玉県,112038:川口市,中学校
224,kamiizumi-elementary-school.edumap.jp,102:神川町立神泉小学校,229:神川町立神泉小学校,11:埼玉県,113832:神川町,小学校
225,tonda-j-h-s-shirahama-town.edumap.jp,103:白浜町立富田中学校,231:白浜町立富田中学校,30:和歌山県,304018:白浜町,中学校
226,yanase-jh-tokorozawa-stm.edumap.jp,104:所沢市立柳瀬中学校,232:所沢市立柳瀬中学校,11:埼玉県,112089:所沢市,中学校
227,nhatsu.edumap.jp,109:流山市立西初石中学校,233:流山市立西初石中学校,12:千葉県,122203:流山市,中学校
228,fukabori-jhs.edumap.jp,110:函館市立深堀中学校,255:函館市立深堀中学校,01:北海道,012025:函館市,中学校
229,hakodate-city-aoyagi-junior-high-school.edumap.jp,111:函館市立青柳中学校,234:函館市立青柳中学校,01:北海道,012025:函館市,中学校
230,asahioka-jh.edumap.jp,112:函館市立旭岡中学校,237:函館市立旭岡中学校,01:北海道,012025:函館市,中学校
231,toyone-jh.edumap.jp,113:豊根村立豊根中学校,236:豊根村立豊根中学校,23:愛知県,235636:豊根村,中学校
232,shingohigashi.edumap.jp,114:川口市立新郷東小学校,235:川口市立新郷東小学校,11:埼玉県,112216:草加市,小学校
233,souya-j.edumap.jp,115:稚内市教育委員会,243:稚内市立宗谷中学校,01:北海道,012149:稚内市,中学校
234,waktonchu-j.edumap.jp,115:稚内市教育委員会,245:稚内市立稚内東中学校,01:北海道,012149:稚内市,中学校
235,masuhoro.edumap.jp,115:稚内市教育委員会,251:稚内市立増幌小中学校,01:北海道,012149:稚内市,小中一貫校・義務教育学校
236,wakkanai-tenpokuschool.edumap.jp,115:稚内市教育委員会,252:稚内市立天北小中学校,01:北海道,012149:稚内市,小中一貫校・義務教育学校
237,wakkanai-tomiiso-e.edumap.jp,115:稚内市教育委員会,240:稚内市立富磯小学校,01:北海道,012149:稚内市,小学校
238,wakkanai-koetoi-e.edumap.jp,115:稚内市教育委員会,241:稚内市立声問小学校,01:北海道,012149:稚内市,小学校
239,nagisanoko-e.edumap.jp,115:稚内市教育委員会,244:稚内市立宗谷小学校,01:北海道,012149:稚内市,小学校
240,oomisaki-e.edumap.jp,115:稚内市教育委員会,246:稚内市立大岬小学校,01:北海道,012149:稚内市,小学校
241,wakkanai-minami-e.edumap.jp,115:稚内市教育委員会,249:稚内市立稚内南小学校,01:北海道,012149:稚内市,小学校
242,wakkanai-higashi-e.edumap.jp,115:稚内市教育委員会,250:稚内市立稚内東小学校,01:北海道,012149:稚内市,小学校
243,wakkanai-minatosyo.edumap.jp,115:稚内市教育委員会,254:稚内市立稚内港小学校,01:北海道,012149:稚内市,小学校
244,usui-h.edumap.jp,116:福井県立羽水高等学校,247:福井県立羽水高等学校,18:福井県,182010:福井市,高等学校
245,c-niiza-daiyon-e.edumap.jp,117:新座市立第四小学校,239:新座市立第四小学校,11:埼玉県,112305:新座市,小学校
246,okegawa-jh.edumap.jp,118:桶川市教育委員会,242:桶川市立桶川中学校,11:埼玉県,112313:桶川市,中学校
247,okegawanishi-jh.edumap.jp,118:桶川市教育委員会,253:桶川市立桶川西中学校,11:埼玉県,112313:桶川市,中学校
248,okegawahigashi-jh.edumap.jp,118:桶川市教育委員会,256:桶川市立桶川東中学校,11:埼玉県,112313:桶川市,中学校
249,okegawakanou-jh.edumap.jp,118:桶川市教育委員会,257:桶川市立加納中学校,11:埼玉県,112313:桶川市,中学校
250,okegawaasahi-es.edumap.jp,118:桶川市教育委員会,291:桶川市立朝日小学校,11:埼玉県,112313:桶川市,小学校
251,okegawanishi-es.edumap.jp,118:桶川市教育委員会,292:桶川市立桶川西小学校,11:埼玉県,112313:桶川市,小学校
252,t-araya.edumap.jp,119:天童市立荒谷小学校,248:天童市立荒谷小学校,06:山形県,062103:天童市,小学校
253,mikajima-es.edumap.jp,120:所沢市立三ケ島小学校,307:所沢市立三ヶ島小学校,11:埼玉県,112089:所沢市,小学校
254,mombetsu-j-mombetsu.edumap.jp,121:紋別市教育委員会,263:紋別市立紋別中学校,01:北海道,012190:紋別市,中学校
255,mombetsu-j-shiomi.edumap.jp,121:紋別市教育委員会,268:紋別市立潮見中学校,01:北海道,012190:紋別市,中学校
256,mombetsu-j-shokotsu.edumap.jp,121:紋別市教育委員会,269:紋別市立渚滑中学校,01:北海道,012190:紋別市,中学校
257,mombetsu-e-komukai.edumap.jp,121:紋別市教育委員会,260:紋別市立小向小学校,01:北海道,012190:紋別市,小学校
258,mombetsu-e-minamigaoka.edumap.jp,121:紋別市教育委員会,261:紋別市立南丘小学校,01:北海道,012190:紋別市,小学校
259,mombetsu-e-kamishokotsu.edumap.jp,121:紋別市教育委員会,262:紋別市立上渚滑小学校,01:北海道,012190:紋別市,小学校
260,mombetsu-e-shiomi.edumap.jp,121:紋別市教育委員会,265:紋別市立潮見小学校,01:北海道,012190:紋別市,小学校
261,mombetsu-e-shokotsu.edumap.jp,121:紋別市教育委員会,266:紋別市立渚滑小学校,01:北海道,012190:紋別市,小学校
262,mombetsu-e-mombetsu.edumap.jp,121:紋別市教育委員会,267:紋別市立紋別小学校,01:北海道,012190:紋別市,小学校
263,toyone-el.edumap.jp,122:豊根村立豊根小学校,264:豊根村立豊根小学校,23:愛知県,235636:豊根村,小学校
264,nazumi-e.edumap.jp,123:時津町立鳴鼓小学校,309:時津町立鳴鼓小学校,42:長崎県,423084:時津町,小学校
265,ohtawara-city-chikasono-junior-high-school.edumap.jp,124:大田原市教育委員会,276:大田原市立親園中学校,09:栃木県,092100:大田原市,中学校
266,ohtawara-city-kanedakita-junior-high-school.edumap.jp,124:大田原市教育委員会,277:大田原市立金田北中学校,09:栃木県,092100:大田原市,中学校
267,ohtawara-city-kanedaminami-junior-high-school.edumap.jp,124:大田原市教育委員会,278:大田原市立金田南中学校,09:栃木県,092100:大田原市,中学校
268,ohtawara-city-nozaki-junior-high-school.edumap.jp,124:大田原市教育委員会,284:大田原市立野崎中学校,09:栃木県,092100:大田原市,中学校
269,ohtawara-city-yuzukami-junior-high-school.edumap.jp,124:大田原市教育委員会,285:大田原市立湯津上中学校,09:栃木県,092100:大田原市,中学校
270,ohtawara-city-ohtawara-junior-high-school.edumap.jp,124:大田原市教育委員会,294:大田原市立大田原中学校,09:栃木県,092100:大田原市,中学校
271,ohtawara-city-kurobane-junior-high-school.edumap.jp,124:大田原市教育委員会,298:大田原市立黒羽中学校,09:栃木県,092100:大田原市,中学校
272,ohtawara-city-wakakusa-junior-high-school.edumap.jp,124:大田原市教育委員会,301:大田原市立若草中学校,09:栃木県,092100:大田原市,中学校
273,ohtawara-city-sakuyama-elementary-school.edumap.jp,124:大田原市教育委員会,273:大田原市立佐久山小学校,09:栃木県,092100:大田原市,小学校
274,ohtawara-city-okusawa-elementary-school.edumap.jp,124:大田原市教育委員会,274:大田原市立奥沢小学校,09:栃木県,092100:大田原市,小学校
275,ohtawara-city-ryougoutyuuou-elementary-school.edumap.jp,124:大田原市教育委員会,275:大田原市立両郷中央小学校,09:栃木県,092100:大田原市,小学校
276,ohtawara-city-sarado-elementary-school.edumap.jp,124:大田原市教育委員会,279:大田原市立佐良土小学校,09:栃木県,092100:大田原市,小学校
277,ohtawara-city-kanemaru-elementary-school.edumap.jp,124:大田原市教育委員会,280:大田原市立金丸小学校,09:栃木県,092100:大田原市,小学校
278,ohtawara-city-ohtawara-elementary-school.edumap.jp,124:大田原市教育委員会,281:大田原市立大田原小学校,09:栃木県,092100:大田原市,小学校
279,ohtawara-city-nishihara-elementary-school.edumap.jp,124:大田原市教育委員会,282:大田原市立西原小学校,09:栃木県,092100:大田原市,小学校
280,ohtawara-city-udakawa-elementary-school.edumap.jp,124:大田原市教育委員会,283:大田原市立宇田川小学校,09:栃木県,092100:大田原市,小学校
281,ohtawara-city-ichinosawa-elementary-school.edumap.jp,124:大田原市教育委員会,286:大田原市立市野沢小学校,09:栃木県,092100:大田原市,小学校
282,ohtawara-city-hiruta-elementary-school.edumap.jp,124:大田原市教育委員会,289:大田原市立蛭田小学校,09:栃木県,092100:大田原市,小学校
283,ohtawara-city-sukagawa-elementary-school.edumap.jp,124:大田原市教育委員会,290:大田原市立須賀川小学校,09:栃木県,092100:大田原市,小学校
284,ohtawara-city-murasakizuka-elementary-school.edumap.jp,124:大田原市教育委員会,293:大田原市立紫塚小学校,09:栃木県,092100:大田原市,小学校
285,ohtawara-city-usuba-elementary-school.edumap.jp,124:大田原市教育委員会,295:大田原市立薄葉小学校,09:栃木県,092100:大田原市,小学校
286,ohtawara-city-kawanishi-elementary-school.edumap.jp,124:大田原市教育委員会,296:大田原市立川西小学校,09:栃木県,092100:大田原市,小学校
287,ohtawara-city-kurobane-elementary-school.edumap.jp,124:大田原市教育委員会,297:大田原市立黒羽小学校,09:栃木県,092100:大田原市,小学校
288,ohtawara-city-handa-elementary-school.edumap.jp,124:大田原市教育委員会,299:大田原市立羽田小学校,09:栃木県,092100:大田原市,小学校
289,ohtawara-city-yuzukami-elementary-school.edumap.jp,124:大田原市教育委員会,300:大田原市立湯津上小学校,09:栃木県,092100:大田原市,小学校
290,ohtawara-city-ishigami-elementary-school.edumap.jp,124:大田原市教育委員会,302:大田原市立石上小学校,09:栃木県,092100:大田原市,小学校
291,ohtawara-city-chikasono-elementary-school.edumap.jp,124:大田原市教育委員会,303:大田原市立親園小学校,09:栃木県,092100:大田原市,小学校
292,mizuho2020.edumap.jp,125:つがる市立瑞穂小学校,272:つがる市立瑞穂小学校,02:青森県,022098:つがる市,小学校
293,togitsukita-e.edumap.jp,126:時津町立時津北小学校,311:時津町立時津北小学校,42:長崎県,423084:時津町,小学校
294,saiwaichosyo.edumap.jp,127:埼玉県川口市立幸町小学校,312:埼玉県川口市立幸町小学校,11:埼玉県,112038:川口市,小学校
295,misato-oosawa.edumap.jp,129:美里町立大沢小学校,326:美里町立大沢小学校,11:埼玉県,113816:美里町,小学校
296,oshu-public-elementary-school.edumap.jp,130:奥州市立人首小学校,325:奥州市立人首小学校,03:岩手県,032158:奥州市,小学校
